{
  "properties": {
    "connectionReferences": {
      "shared_commondataserviceforapps": {
        "impersonation": {},
        "runtimeSource": "embedded",
        "connection": {
          "connectionReferenceLogicalName": "cr9f8_sharedcommondataserviceforapps_b588f"
        },
        "api": {
          "name": "shared_commondataserviceforapps"
        }
      },
      "shared_gmail": {
        "runtimeSource": "embedded",
        "connection": {
          "connectionReferenceLogicalName": "cr9f8_sharedgmail_fdaf7"
        },
        "api": {
          "name": "shared_gmail"
        }
      }
    },
    "definition": {
      "$schema": "https://schema.management.azure.com/providers/Microsoft.Logic/schemas/2016-06-01/workflowdefinition.json#",
      "contentVersion": "1.0.0.0",
      "parameters": {
        "$authentication": {
          "defaultValue": {},
          "type": "SecureObject"
        },
        "$connections": {
          "defaultValue": {},
          "type": "Object"
        }
      },
      "triggers": {
        "When_a_row_is_added,_modified_or_deleted": {
          "type": "OpenApiConnectionWebhook",
          "inputs": {
            "parameters": {
              "subscriptionRequest/message": 4,
              "subscriptionRequest/entityname": "cr9f8_d_produto",
              "subscriptionRequest/scope": 4
            },
            "host": {
              "apiId": "/providers/Microsoft.PowerApps/apis/shared_commondataserviceforapps",
              "connectionName": "shared_commondataserviceforapps",
              "operationId": "SubscribeWebhookTrigger"
            },
            "authentication": "@parameters('$authentication')"
          }
        }
      },
      "actions": {
        "Send_email_(V2)": {
          "runAfter": {},
          "type": "OpenApiConnection",
          "inputs": {
            "parameters": {
              "emailMessage/To": "danielsousa.433@gmail.com",
              "emailMessage/Subject": "Produto adicionado ou modificado",
              "emailMessage/Body": "<p>Verifique a informação abaixo:</p><br><p>Categoria @{triggerBody()?['cr9f8_category']}</p><p>ID_Produto @{triggerBody()?['cr9f8_productid']}</p><p>Data Modificação @{triggerBody()?['modifiedon']}</p><p>Modificado por @{triggerBody()?['_modifiedonbehalfby_value@Microsoft.Dynamics.CRM.lookuplogicalname']}</p>"
            },
            "host": {
              "apiId": "/providers/Microsoft.PowerApps/apis/shared_gmail",
              "connectionName": "shared_gmail",
              "operationId": "SendEmailV2"
            },
            "authentication": "@parameters('$authentication')"
          }
        }
      },
      "outputs": {}
    },
    "templateName": null
  },
  "schemaVersion": "1.0.0.0"
}