<ImportExportXml version="9.2.24033.212" SolutionPackageVersion="9.2" languagecode="2070" generatedBy="CrmLive" xmlns:xsi="http://www.w3.org/2001/XMLSchema-instance">
  <SolutionManifest>
    <UniqueName>Aula_Turma02</UniqueName>
    <LocalizedNames>
      <LocalizedName description="Aula_Turma02" languagecode="2070" />
    </LocalizedNames>
    <Descriptions />
    <Version>1.0.0.3</Version>
    <Managed>0</Managed>
    <Publisher>
      <UniqueName>Cr2dce4</UniqueName>
      <LocalizedNames>
        <LocalizedName description="CDS Default Publisher" languagecode="2070" />
      </LocalizedNames>
      <Descriptions />
      <EMailAddress xsi:nil="true"></EMailAddress>
      <SupportingWebsiteUrl xsi:nil="true"></SupportingWebsiteUrl>
      <CustomizationPrefix>cr9f8</CustomizationPrefix>
      <CustomizationOptionValuePrefix>81990</CustomizationOptionValuePrefix>
      <Addresses>
        <Address>
          <AddressNumber>1</AddressNumber>
          <AddressTypeCode xsi:nil="true"></AddressTypeCode>
          <City xsi:nil="true"></City>
          <County xsi:nil="true"></County>
          <Country xsi:nil="true"></Country>
          <Fax xsi:nil="true"></Fax>
          <FreightTermsCode xsi:nil="true"></FreightTermsCode>
          <ImportSequenceNumber xsi:nil="true"></ImportSequenceNumber>
          <Latitude xsi:nil="true"></Latitude>
          <Line1 xsi:nil="true"></Line1>
          <Line2 xsi:nil="true"></Line2>
          <Line3 xsi:nil="true"></Line3>
          <Longitude xsi:nil="true"></Longitude>
          <Name xsi:nil="true"></Name>
          <PostalCode xsi:nil="true"></PostalCode>
          <PostOfficeBox xsi:nil="true"></PostOfficeBox>
          <PrimaryContactName xsi:nil="true"></PrimaryContactName>
          <ShippingMethodCode xsi:nil="true"></ShippingMethodCode>
          <StateOrProvince xsi:nil="true"></StateOrProvince>
          <Telephone1 xsi:nil="true"></Telephone1>
          <Telephone2 xsi:nil="true"></Telephone2>
          <Telephone3 xsi:nil="true"></Telephone3>
          <TimeZoneRuleVersionNumber xsi:nil="true"></TimeZoneRuleVersionNumber>
          <UPSZone xsi:nil="true"></UPSZone>
          <UTCOffset xsi:nil="true"></UTCOffset>
          <UTCConversionTimeZoneCode xsi:nil="true"></UTCConversionTimeZoneCode>
        </Address>
        <Address>
          <AddressNumber>2</AddressNumber>
          <AddressTypeCode xsi:nil="true"></AddressTypeCode>
          <City xsi:nil="true"></City>
          <County xsi:nil="true"></County>
          <Country xsi:nil="true"></Country>
          <Fax xsi:nil="true"></Fax>
          <FreightTermsCode xsi:nil="true"></FreightTermsCode>
          <ImportSequenceNumber xsi:nil="true"></ImportSequenceNumber>
          <Latitude xsi:nil="true"></Latitude>
          <Line1 xsi:nil="true"></Line1>
          <Line2 xsi:nil="true"></Line2>
          <Line3 xsi:nil="true"></Line3>
          <Longitude xsi:nil="true"></Longitude>
          <Name xsi:nil="true"></Name>
          <PostalCode xsi:nil="true"></PostalCode>
          <PostOfficeBox xsi:nil="true"></PostOfficeBox>
          <PrimaryContactName xsi:nil="true"></PrimaryContactName>
          <ShippingMethodCode xsi:nil="true"></ShippingMethodCode>
          <StateOrProvince xsi:nil="true"></StateOrProvince>
          <Telephone1 xsi:nil="true"></Telephone1>
          <Telephone2 xsi:nil="true"></Telephone2>
          <Telephone3 xsi:nil="true"></Telephone3>
          <TimeZoneRuleVersionNumber xsi:nil="true"></TimeZoneRuleVersionNumber>
          <UPSZone xsi:nil="true"></UPSZone>
          <UTCOffset xsi:nil="true"></UTCOffset>
          <UTCConversionTimeZoneCode xsi:nil="true"></UTCConversionTimeZoneCode>
        </Address>
      </Addresses>
    </Publisher>
    <RootComponents>
      <RootComponent type="1" schemaName="cr9f8_d_cliente" behavior="0" />
      <RootComponent type="1" schemaName="cr9f8_d_produto" behavior="0" />
      <RootComponent type="1" schemaName="cr9f8_d_produtos" behavior="0" />
      <RootComponent type="1" schemaName="cr9f8_d_vendedor" behavior="0" />
      <RootComponent type="1" schemaName="cr9f8_f_venda" behavior="0" />
      <RootComponent type="1" schemaName="cr9f8_f_vendas" behavior="0" />
      <RootComponent type="9" schemaName="cr9f8_duraveisnaoduraveis" behavior="0" />
      <RootComponent type="9" schemaName="cr9f8_freteourecolha" behavior="0" />
      <RootComponent type="29" id="{5501105e-22ec-ee11-a204-0022489bb2b7}" behavior="0" />
      <RootComponent type="29" id="{6be1862d-50ec-ee11-a204-0022489bb2b7}" behavior="0" />
      <RootComponent type="29" id="{6ce1862d-50ec-ee11-a204-0022489bb2b7}" behavior="0" />
      <RootComponent type="29" id="{6de1862d-50ec-ee11-a204-0022489bb2b7}" behavior="0" />
      <RootComponent type="29" id="{8e0c887d-99f2-ee11-a1fe-0022489bb2b7}" behavior="0" />
      <RootComponent type="60" id="{e6d33c9e-c1ea-ee11-904d-0022489bb2b7}" />
      <RootComponent type="62" schemaName="cr9f8_PaineldeVendas" behavior="0" />
      <RootComponent type="80" schemaName="cr9f8_PaineldeVendas" behavior="0" />
    </RootComponents>
    <MissingDependencies>
      <MissingDependency>
        <Required type="1" schemaName="cr9f8_inscricaodenovosalunos" displayName="Inscrição de novos alunos" solution="Active" />
        <Dependent type="29" displayName="Fluxo_Inscricao_Modalidade" id="{8e0c887d-99f2-ee11-a1fe-0022489bb2b7}" />
      </MissingDependency>
      <MissingDependency>
        <Required type="1" schemaName="cr9f8_meufluxoempresarial" displayName="MeuFluxoEmpresarial" solution="Active" />
        <Dependent type="1" schemaName="cr9f8_d_cliente" displayName="D_Cliente" />
      </MissingDependency>
      <MissingDependency>
        <Required type="61" schemaName="msdyn_/Images/AppModule_Default_Icon.png" displayName="msdyn_/Images/AppModule_Default_Icon.png" solution="AppModuleWebResources (2.5)" />
        <Dependent type="80" schemaName="cr9f8_PaineldeVendas" displayName="Painel de Vendas" />
      </MissingDependency>
      <MissingDependency>
        <Required type="connectionreference" displayName="cr9f8_sharedapprovals_7571b" solution="Active" id.connectionreferencelogicalname="cr9f8_sharedapprovals_7571b" />
        <Dependent type="29" displayName="Fluxo_Inscricao_Modalidade" id="{8e0c887d-99f2-ee11-a1fe-0022489bb2b7}" />
      </MissingDependency>
      <MissingDependency>
        <Required type="connectionreference" displayName="cr9f8_sharedcommondataserviceforapps_f07fd" solution="Active" id.connectionreferencelogicalname="cr9f8_sharedcommondataserviceforapps_f07fd" />
        <Dependent type="29" displayName="Fluxo_Inscricao_Modalidade" id="{8e0c887d-99f2-ee11-a1fe-0022489bb2b7}" />
      </MissingDependency>
      <MissingDependency>
        <Required type="connectionreference" displayName="cr9f8_sharedoffice365_2d21c" solution="Active" id.connectionreferencelogicalname="cr9f8_sharedoffice365_2d21c" />
        <Dependent type="29" displayName="Fluxo_Inscricao_Modalidade" id="{8e0c887d-99f2-ee11-a1fe-0022489bb2b7}" />
      </MissingDependency>
      <MissingDependency>
        <Required type="connectionreference" displayName="cr9f8_sharedonedriveforbusiness_95b34" solution="Active" id.connectionreferencelogicalname="cr9f8_sharedonedriveforbusiness_95b34" />
        <Dependent type="29" displayName="Fluxo_Inscricao_Modalidade" id="{8e0c887d-99f2-ee11-a1fe-0022489bb2b7}" />
      </MissingDependency>
      <MissingDependency>
        <Required type="SettingDefinition" displayName="AppChannel" solution="msdyn_AppFrameworkInfraExtensions (1.0.0.8)" id.uniquename="AppChannel" />
        <Dependent type="AppSetting" displayName="parentappmoduleid.uniquename=cr9f8_PaineldeVendas,settingdefinitionid.uniquename=AppChannel" id.parentappmoduleid.uniquename="cr9f8_PaineldeVendas" id.settingdefinitionid.uniquename="AppChannel" />
      </MissingDependency>
    </MissingDependencies>
  </SolutionManifest>
</ImportExportXml>