{"schemaVersion":"1.0","appDefinitionTemplate":{"id":"/providers/Microsoft.PowerApps/apps/","type":"Microsoft.PowerApps/apps","tags":{"primaryDeviceWidth":"640","primaryDeviceHeight":"1136","sienaVersion":"20240410T081952Z-3.24034.17.0","deviceCapabilities":"","supportsPortrait":"true","supportsLandscape":"true","primaryFormFactor":"Phone","publisherVersion":"3.24034.17","minimumRequiredApiVersion":"2.2.0","hasComponent":"true","hasUnlockedComponent":"true","isUnifiedRootApp":"false","showStatusBar":"false","offlineLargeFilesSupport":"false","coauthoringEnabled":"true"},"properties":{"appVersion":"2024-04-10T08:19:52Z","lifeCycleId":"Published","createdByClientVersion":{"major":3,"minor":24034,"build":17,"revision":0,"majorRevision":0,"minorRevision":0},"minClientVersion":{"major":3,"minor":24034,"build":17,"revision":0,"majorRevision":0,"minorRevision":0},"backgroundColor":"RGBA(54,176,75,1)","backgroundImageUri":"/10935758950857202627/N830e9007-f74a-4875-896e-a6cf27050c4c-logoSmallFile","displayName":"Avengers Mobile","description":"","commitMessage":"","appUris":{"documentUri":{"value":"/10935758950857202627/N54b60475-d4ce-4f29-9b1a-28003644adbd-document.msapp"},"imageUris":[],"additionalUris":[{"isSolutionAware":false,"value":"/10935758950857202627/Ndd53b09f-27ad-41ff-8c55-ea5a2e00397b-identity.json"}]},"createdTime":"0001-01-01T00:00:00Z","lastModifiedTime":"0001-01-01T00:00:00Z","sharedGroupsCount":0,"sharedUsersCount":0,"connectionReferences":{},"databaseReferences":{"default.cds":{"databaseDetails":{"referenceType":"Environmental","environmentName":"default.cds","overrideValues":{"status":"NotSpecified","environmentVariableName":""}},"dataSources":{"UsersInfo":{"entitySetName":"cr9f8_novatabelas","logicalName":"cr9f8_novatabela","isHidden":false},"itens_to_check":{"entitySetName":"cr9f8_gymmaintenancelogs","logicalName":"cr9f8_gymmaintenancelog","isHidden":false},"RegistosManutencao":{"entitySetName":"cr9f8_registosmanutencaos","logicalName":"cr9f8_registosmanutencao","isHidden":false},"RegistosColaborador":{"entitySetName":"cr9f8_registocolaboradors","logicalName":"cr9f8_registocolaborador","isHidden":false}},"actions":["providers/PowerPlatform.Governance/Operations/Read","providers/PowerPlatform.Governance/Operations/Write"]}},"almMode":"Environment","performanceOptimizationEnabled":true,"canConsumeAppPass":true,"enableModernRuntimeMode":false,"executionRestrictions":{"isTeamsOnly":false,"dataLossPreventionEvaluationResult":{"status":"Compliant","lastEvaluationDate":"2024-03-11T15:38:26.5808974Z","violations":[],"violationsByPolicy":[],"violationErrorMessage":"The app uses the following connectors: ."}}},"appType":"ClassicCanvasApp","appComponents":[]}}