{"schemaVersion":"1.0","appDefinitionTemplate":{"id":"/providers/Microsoft.PowerApps/apps/","type":"Microsoft.PowerApps/apps","tags":{"primaryDeviceWidth":"1366","primaryDeviceHeight":"768","supportsPortrait":"true","supportsLandscape":"true","primaryFormFactor":"Tablet","showStatusBar":"false","publisherVersion":"3.24034.17","minimumRequiredApiVersion":"2.2.0","hasComponent":"true","hasUnlockedComponent":"true","isUnifiedRootApp":"false","offlineLargeFilesSupport":"false","sienaVersion":"20240410T130611Z-3.24034.17.0","coauthoringEnabled":"true"},"properties":{"appVersion":"2024-04-10T13:06:11Z","lifeCycleId":"Published","createdByClientVersion":{"major":3,"minor":24034,"build":17,"revision":0,"majorRevision":0,"minorRevision":0},"minClientVersion":{"major":3,"minor":24034,"build":17,"revision":0,"majorRevision":0,"minorRevision":0},"backgroundColor":"RGBA(0,176,240,1)","backgroundImageUri":"/17911348488100042360/N7af0b48d-996d-4998-bfee-d8c2169633de-logoSmallFile","displayName":"Avengers Tablet","description":"","commitMessage":"","appUris":{"documentUri":{"value":"/17911348488100042360/N569e771e-a0c7-4bae-832a-81224901f37b-document.msapp"},"imageUris":[],"additionalUris":[{"isSolutionAware":false,"value":"/17911348488100042360/Nc49a7f2c-1a80-4172-b065-8a6e52c7592d-identity.json"}]},"createdTime":"0001-01-01T00:00:00Z","lastModifiedTime":"0001-01-01T00:00:00Z","sharedGroupsCount":0,"sharedUsersCount":0,"connectionReferences":{},"authorizationReferences":[{"resourceId":"powerbi"}],"databaseReferences":{"default.cds":{"databaseDetails":{"referenceType":"Environmental","environmentName":"default.cds","overrideValues":{"status":"NotSpecified","environmentVariableName":""}},"dataSources":{"UsersInfo":{"entitySetName":"cr9f8_novatabelas","logicalName":"cr9f8_novatabela","isHidden":false},"RegistosManutencao":{"entitySetName":"cr9f8_registosmanutencaos","logicalName":"cr9f8_registosmanutencao","isHidden":false}},"actions":["providers/PowerPlatform.Governance/Operations/Read","providers/PowerPlatform.Governance/Operations/Write","providers/PowerPlatform.Governance/Operations/Delete"]}},"almMode":"Solution","performanceOptimizationEnabled":true,"canConsumeAppPass":true,"enableModernRuntimeMode":false,"executionRestrictions":{"isTeamsOnly":false,"dataLossPreventionEvaluationResult":{"status":"Compliant","lastEvaluationDate":"2024-03-14T00:39:21.676454Z","violations":[],"violationsByPolicy":[],"violationErrorMessage":"A aplicação utiliza os seguintes conectores: shared_commondataservice."}}},"appType":"ClassicCanvasApp","appComponents":[]}}